labels,size
"Ambiental
43.3\%",0.4327147065974068
"Económico
15.4\%",0.15410955720571176
"Técnico
41.3\%",0.4131757361968815
